﻿<?xml version="1.0" encoding="utf-8"?>
<DataModelInfo xmlns:xsd="http://www.w3.org/2001/XMLSchema" xmlns:xsi="http://www.w3.org/2001/XMLSchema-instance"
               xmlns="http://schemas.qualisystems.com/ResourceManagement/DataModelSchema.xsd">
    <Attributes>
    </Attributes>
    <ResourceFamilies>
    </ResourceFamilies>
    <DriverDescriptors/>
    <ScriptDescriptors>
        <ScriptDescriptor Name="hook_setup" CategoryName="Hidden Commands" Version="1.0.0" Alias="Setup script">
            <ScriptInputs />
        </ScriptDescriptor>
        <ScriptDescriptor Name="hook_teardown" CategoryName="Hidden Commands" Version="1.0.0" Alias="Teardown script">
            <ScriptInputs />
        </ScriptDescriptor>
    </ScriptDescriptors>
</DataModelInfo>
